{	
	"LOCAL": {
		"NODE_PORT": "9305",
		"GS_PATH": "http://c2hgis-geoserv-tc-dev01.elasticbeanstalk.com/"		
	},
	"DEV": {
		"NODE_PORT": "9305",
		"GS_PATH": "http://c2hgis-geoserv-tc-dev01.elasticbeanstalk.com/"	
	},
	"TEST": {
		"NODE_PORT": "9305",
		"GS_PATH": "http://c2hgis-geoserv-tc-dev01.elasticbeanstalk.com/"	
	},
	"ST":  {
		"NODE_PORT": "9305",
		"GS_PATH": "http://c2hgis-geoserv-tc-dev01.elasticbeanstalk.com/"	
	},
	"AT":  {
		"NODE_PORT": "9305",
		"GS_PATH": "http://c2hgis-geoserv-tc-dev01.elasticbeanstalk.com/"	
	},
	"PROD":  {
		"NODE_PORT": "9305",
		"GS_PATH": "http://c2hgis-geoserv-tc-dev01.elasticbeanstalk.com/"	
	},
	"DEMO":  {
		"NODE_PORT": "9305",
		"GS_PATH": "http://c2hgis-geoserv-tc-dev01.elasticbeanstalk.com/"	
	}
}